OBJECTID_left,STN_NAME,STN_NO,geometry,index_right,OBJECTID_right,SUBZONE_NO,SUBZONE_N,SUBZONE_C,CA_IND,PLN_AREA_N,PLN_AREA_C,REGION_N,REGION_C,INC_CRC,FMEL_UPD_D,X_ADDR,Y_ADDR,SHAPE_Leng,SHAPE_Area
12,ADMIRALTY MRT STATION,NS10,POINT (24402.1063000001 46918.11309999973),289,290,3,WOODLANDS EAST,WDSZ03,N,WOODLANDS,WD,NORTH REGION,NR,C90769E43EE6B0F2,2014-12-05,24506.6375,46991.63,6603.60830097,2553463.72392
16,ALJUNIED MRT STATION,EW9,POINT (33518.60489999969 33190.00200000033),162,163,4,ALJUNIED,GLSZ04,N,GEYLANG,GL,CENTRAL REGION,CR,83AFAB768B6B2B66,2014-12-05,33592.5759,32970.8301,7100.69907893,2959367.62528
17,ANG MO KIO MRT STATION,NS16,POINT (29848.98359999992 39040.9896000009),247,248,2,CHENG SAN,AMSZ02,N,ANG MO KIO,AM,NORTH-EAST REGION,NER,504511A82C516D62,2014-12-05,30312.1923,39413.3478,4218.95806162,955710.188701
33,ANG MO KIO MRT STATION,NS16,POINT (29807.26549999975 39105.77199999988),247,248,2,CHENG SAN,AMSZ02,N,ANG MO KIO,AM,NORTH-EAST REGION,NER,504511A82C516D62,2014-12-05,30312.1923,39413.3478,4218.95806162,955710.188701
81,BAKAU LRT STATION,SE3,POINT (36026.08210000023 41113.87659999914),259,260,2,RIVERVALE,SESZ02,N,SENGKANG,SE,NORTH-EAST REGION,NER,986666487FF7CF78,2014-12-05,35977.6113,41060.8024,6315.95441659,1569034.7842
80,BANGKIT LRT STATION,BP9,POINT (21248.24600000028 40220.9693),209,210,4,BANGKIT,BPSZ04,N,BUKIT PANJANG,BP,WEST REGION,WR,434BCF269E20F681,2014-12-05,21431.2286,39899.5272,4350.13572206,763183.429445
153,BARTLEY MRT STATION,CC12,POINT (33168.30389999971 36108.70030000061),161,162,10,BIDADARI,TPSZ10,N,TOA PAYOH,TP,CENTRAL REGION,CR,B522727043B8AF0C,2014-12-05,32632.5394,35918.015,3323.74283763,572502.13978
115,BAYFRONT MRT STATION,DT16 / CE1,POINT (30867.00930000003 29368.625),40,41,12,BAYFRONT SUBZONE,DTSZ12,Y,DOWNTOWN CORE,DT,CENTRAL REGION,CR,197F5E664DA4D5E1,2014-12-05,30806.2418,29530.167,2897.12642569,521200.522376
140,BEAUTY WORLD MRT STATION,DT5,POINT (21598.16650000028 35931.23589999974),210,211,1,ANAK BUKIT,BTSZ01,N,BUKIT TIMAH,BT,CENTRAL REGION,CR,22AC7070AFD473BD,2014-12-05,21127.1918,35561.884,7637.80947893,2768353.55736
37,BEDOK MRT STATION,EW5,POINT (38757.95199999958 34024.70480000041),198,199,4,BEDOK NORTH,BDSZ04,N,BEDOK,BD,EAST REGION,ER,A2254301F85C1EDF,2014-12-05,39429.2104,34737.6194,8414.96210185,3203663.49324
143,BEDOK NORTH MRT STATION,DT29,POINT (37421.74380000029 35214.68040000089),148,149,1,KAKI BUKIT,BDSZ01,N,BEDOK,BD,EAST REGION,ER,0E5F89C6D8042867,2014-12-05,36485.3951,35307.0408,8153.88813505,2820171.67856
149,BEDOK RESERVOIR MRT STATION,DT30,POINT (39008.31319999974 35421.04089999944),152,153,2,BEDOK RESERVOIR,BDSZ02,N,BEDOK,BD,EAST REGION,ER,F3CEF1310CE15C52,2014-12-05,38351.1166,35800.6076,6899.52590019,2379331.52887
100,BENCOOLEN MRT STATION,DT21,POINT (29899.2575000003 31247.3367999997),58,59,10,VICTORIA,RCSZ10,Y,ROCHOR,RC,CENTRAL REGION,CR,DD1436D810825828,2014-12-05,30189.2101,31335.7252,2093.77023342,214250.298128
99,BENDEMEER MRT STATION,DT23,POINT (31300.80840000045 32884.73819999956),132,133,8,KALLANG BAHRU,KLSZ08,N,KALLANG,KL,CENTRAL REGION,CR,F605DD67E5154CFB,2014-12-05,31579.2889,32929.5276,3710.90460199,839488.977186
109,BISHAN MRT STATION,CC15,POINT (29762.3507000003 37046.36989999935),180,181,3,BISHAN EAST,BSSZ03,N,BISHAN,BS,CENTRAL REGION,CR,54980EC3DD176721,2014-12-05,30191.9092,36882.1939,5680.71940217,1794461.26208
158,BISHAN MRT STATION,NS17,POINT (29649.89879999962 36994.43300000019),180,181,3,BISHAN EAST,BSSZ03,N,BISHAN,BS,CENTRAL REGION,CR,54980EC3DD176721,2014-12-05,30191.9092,36882.1939,5680.71940217,1794461.26208
178,BOON KENG MRT STATION,NE9,POINT (31157.07120000012 33517.60889999941),108,109,1,BENDEMEER,KLSZ01,N,KALLANG,KL,CENTRAL REGION,CR,69C9F7CD6F08EA3A,2014-12-05,31175.9571,33827.9445,5603.00091056,1376830.04527
34,BOON LAY MRT STATION,EW27,POINT (13837.98269999959 35641.91909999959),151,152,9,JURONG WEST CENTRAL,JWSZ09,N,JURONG WEST,JW,WEST REGION,WR,1D90F8ED7A36C82C,2014-12-05,13396.6261,35811.7261,4649.79715009,1404536.64286
159,BOTANIC GARDENS MRT STATION,DT9,POINT (26087.26630000025 33852.44840000011),163,164,4,TYERSALL,TNSZ04,N,TANGLIN,TN,CENTRAL REGION,CR,DAC6AB8C67377C3B,2014-12-05,25732.6536,32985.8494,6430.98614739,2158289.71575
185,BOTANIC GARDENS MRT STATION,CC19,POINT (25959.40460000001 33817.75249999948),163,164,4,TYERSALL,TNSZ04,N,TANGLIN,TN,CENTRAL REGION,CR,DAC6AB8C67377C3B,2014-12-05,25732.6536,32985.8494,6430.98614739,2158289.71575
182,BRADDELL MRT STATION,NS18,POINT (29500.09719999973 35848.06870000064),147,148,1,TOA PAYOH WEST,TPSZ01,N,TOA PAYOH,TP,CENTRAL REGION,CR,F09D85529E92E6F5,2014-12-05,28943.1923,35787.3478,4516.83996636,1037281.09446
93,BRAS BASAH MRT STATION,CC2,POINT (29930.76740000024 31025.90159999952),45,46,3,BRAS BASAH,MUSZ03,Y,MUSEUM,MU,CENTRAL REGION,CR,5A1130F73E65C2D7,2014-12-05,29793.0931,30958.0952,2348.65717267,223206.603187
183,BUANGKOK MRT STATION,NE15,POINT (34655.31319999974 40537.20690000057),225,226,5,COMPASSVALE,SESZ05,N,SENGKANG,SE,NORTH-EAST REGION,NER,380E7DCFD2E09905,2014-12-05,34304.2505,40761.0908,5216.01738046,1093213.49087
103,BUGIS MRT STATION,DT14,POINT (30620.87689999957 31323.24950000085),57,58,1,BUGIS,DTSZ01,Y,DOWNTOWN CORE,DT,CENTRAL REGION,CR,E042FEB6C937D5A5,2014-12-05,30528.3347,31278.4644,2658.88164763,280174.766696
111,BUGIS MRT STATION,EW12,POINT (30491.56479999982 31424.35029999912),58,59,10,VICTORIA,RCSZ10,Y,ROCHOR,RC,CENTRAL REGION,CR,DD1436D810825828,2014-12-05,30189.2101,31335.7252,2093.77023342,214250.298128
32,BUKIT BATOK MRT STATION,NS2,POINT (18679.35410000011 36795.01410000026),174,175,7,BUKIT BATOK CENTRAL,BKSZ07,N,BUKIT BATOK,BK,WEST REGION,WR,4CE31051AB87CA5E,2014-12-05,18773.5578,36680.0524,3782.82695881,800298.564475
117,BUKIT BROWN MRT STATION,CC18,POINT (27707.41660000011 35102.48020000011),154,155,5,MOUNT PLEASANT,NVSZ05,N,NOVENA,NV,CENTRAL REGION,CR,F910FC998DE2CB15,2014-12-05,27515.3125,35112.6183,7234.11074506,3142950.10821
35,BUKIT GOMBAK MRT STATION,NS3,POINT (18938.33050000016 37870.6512000002),184,185,4,GUILIN,BKSZ04,N,BUKIT BATOK,BK,WEST REGION,WR,1EC9354628DA67BE,2014-12-05,19151.8276,37505.9793,5564.33323058,1085080.08317
47,BUKIT PANJANG LRT STATION,BP6,POINT (20175.93530000001 39987.9068),205,206,5,JELEBU,BPSZ05,N,BUKIT PANJANG,BP,WEST REGION,WR,61A034F12715D43D,2014-12-05,20535.3901,39769.4445,3992.42603071,911208.285046
171,BUKIT PANJANG MRT STATION,DT1,POINT (20011.39809999987 40108.6838000007),254,255,1,GOMBAK,BKSZ01,N,BUKIT BATOK,BK,WEST REGION,WR,1DCF02A5C4038697,2014-12-05,19560.7028,39034.544,7921.55721089,2459098.26541
28,BUONA VISTA MRT STATION,EW21,POINT (23200.36000000034 32167.26549999975),66,67,8,ONE NORTH,QTSZ08,N,QUEENSTOWN,QT,CENTRAL REGION,CR,D437A9A68F04D2D4,2014-12-05,23299.2437,31176.1605,6591.90791444,2051652.62174
124,BUONA VISTA MRT STATION,CC22,POINT (23251.76109999977 32090.76920000091),66,67,8,ONE NORTH,QTSZ08,N,QUEENSTOWN,QT,CENTRAL REGION,CR,D437A9A68F04D2D4,2014-12-05,23299.2437,31176.1605,6591.90791444,2051652.62174
127,CALDECOTT MRT STATION,CC17,POINT (28691.24509999994 35538.76799999923),147,148,1,TOA PAYOH WEST,TPSZ01,N,TOA PAYOH,TP,CENTRAL REGION,CR,F09D85529E92E6F5,2014-12-05,28943.1923,35787.3478,4516.83996636,1037281.09446
0,CANBERRA MRT STATION,NS12,POINT (27598.62177101383 47200.24193103178),307,308,2,SEMBAWANG SPRINGS,SBSZ02,N,SEMBAWANG,SB,NORTH REGION,NR,C739B507A1ACBDB3,2014-12-05,27076.8118,46959.0886,4212.04224667,1099394.72041
172,CASHEW MRT STATION,DT2,POINT (20362.95909999963 39043.58349999972),244,245,6,DAIRY FARM,BPSZ06,N,BUKIT PANJANG,BP,WEST REGION,WR,FE385B2E17662DDF,2014-12-05,21181.12,38939.8375,4814.19537542,1235901.7517
180,CHANGI AIRPORT MRT STATION,CG2,POINT (45254.86139999982 37711.0150000006),268,269,3,CHANGI AIRPORT,CHSZ03,N,CHANGI,CH,EAST REGION,ER,70B39BA5469B9018,2014-12-05,46661.849,36599.8158,28163.2282682,35096028.587
70,CHENG LIM LRT STATION,SW1,POINT (34730.46279999986 42018.88859999925),272,273,4,ANCHORVALE,SESZ04,N,SENGKANG,SE,NORTH-EAST REGION,NER,F00F5344E293F642,2014-12-05,34218.5354,41815.316,5112.46178675,1499108.62608
131,CHINATOWN MRT STATION,NE4,POINT (29124.95849999972 29643.4785999991),35,36,3,CHINATOWN,OTSZ03,Y,OUTRAM,OT,CENTRAL REGION,CR,0FF1661344C84AED,2014-12-05,29153.9676,29158.0443,4297.59991003,587222.678854
132,CHINATOWN MRT STATION,DT19,POINT (29238.96829999983 29686.53590000048),38,39,4,CHINA SQUARE,OTSZ04,Y,OUTRAM,OT,CENTRAL REGION,CR,B609DF5587626C8F,2014-12-05,29509.6437,29646.4495,1605.27969734,133006.936012
2,CHINESE GARDEN MRT STATION,EW25,POINT (16790.74660000019 36056.30189999938),146,147,4,LAKESIDE,JESZ04,N,JURONG EAST,JE,WEST REGION,WR,3BBFD45071B70ECF,2014-12-05,16697.0118,35114.9062,8828.63382968,3108023.27378
65,CHOA CHU KANG LRT STATION,BP1,POINT (18121.60520000011 40753.86930000037),219,220,3,CHOA CHU KANG CENTRAL,CKSZ03,N,CHOA CHU KANG,CK,WEST REGION,WR,CCB9716DE31DDEF5,2014-12-05,18465.672,40772.9207,4202.49660819,1097298.79854
19,CHOA CHU KANG MRT STATION,NS4,POINT (18097.92709999997 40811.9589000009),219,220,3,CHOA CHU KANG CENTRAL,CKSZ03,N,CHOA CHU KANG,CK,WEST REGION,WR,CCB9716DE31DDEF5,2014-12-05,18465.672,40772.9207,4202.49660819,1097298.79854
95,CITY HALL MRT STATION,EW13 / NS25,POINT (30144.28509999998 30591.84779999964),47,48,2,CITY HALL,DTSZ02,Y,DOWNTOWN CORE,DT,CENTRAL REGION,CR,C3663E9926627289,2014-12-05,30209.0736,30536.5079,4544.16984709,710568.702938
157,CLARKE QUAY MRT STATION,NE5,POINT (29473.12490000017 30088.70380000025),7,8,2,CLARKE QUAY,SRSZ02,Y,SINGAPORE RIVER,SR,CENTRAL REGION,CR,48661DC0FBA09F7A,2014-12-05,29253.2073,30222.8645,2208.61929874,290184.652686
15,CLEMENTI MRT STATION,EW23,POINT (20430.05999999959 33026.60749999993),167,168,4,CLEMENTI NORTH,CLSZ04,N,CLEMENTI,CL,WEST REGION,WR,FE2A39D748C39557,2014-12-05,20613.245,33368.8225,4251.4453646,991039.780668
8,COMMONWEALTH MRT STATION,EW20,POINT (24103.25229999982 31642.60339999944),69,70,3,COMMONWEALTH,QTSZ03,N,QUEENSTOWN,QT,CENTRAL REGION,CR,2423D1D91E730899,2014-12-05,24278.7709,31919.97,2713.42997115,310513.647374
83,COMPASSVALE LRT STATION,SE1,POINT (35475.56309999991 41821.57829999924),271,272,3,SENGKANG TOWN CENTRE,SESZ03,N,SENGKANG,SE,NORTH-EAST REGION,NER,5A2D0E9E6B285069,2014-12-05,35163.812,41501.1418,5216.40050197,1455507.85939
55,CORAL EDGE LRT STATION,PE3,POINT (36820.84549999982 41757.06420000084),262,263,4,PUNGGOL FIELD,PGSZ04,N,PUNGGOL,PG,NORTH-EAST REGION,NER,7462F6141FA74A37,2014-12-05,36673.8994,41847.0902,5229.11611385,1378710.5357
59,COVE LRT STATION,PE1,POINT (36084.22929999977 42351.13340000063),262,263,4,PUNGGOL FIELD,PGSZ04,N,PUNGGOL,PG,NORTH-EAST REGION,NER,7462F6141FA74A37,2014-12-05,36673.8994,41847.0902,5229.11611385,1378710.5357
154,DAKOTA MRT STATION,CC8,POINT (34159.27410000004 32299.89049999975),162,163,4,ALJUNIED,GLSZ04,N,GEYLANG,GL,CENTRAL REGION,CR,83AFAB768B6B2B66,2014-12-05,33592.5759,32970.8301,7100.69907893,2959367.62528
58,DAMAI LRT STATION,PE7,POINT (36378.1827999996 43009.37939999998),266,267,5,WATERWAY EAST,PGSZ05,N,PUNGGOL,PG,NORTH-EAST REGION,NER,A9E7E4A7DEE0B6F2,2014-12-05,37063.2238,42568.2237,5391.06510657,1489246.88272
144,DHOBY GHAUT MRT STATION,NS24,POINT (29424.14479999989 31229.31430000067),56,57,1,DHOBY GHAUT,MUSZ01,Y,MUSEUM,MU,CENTRAL REGION,CR,AD3DE26295353551,2014-12-05,29320.0735,31245.7483,2584.78830957,221973.341827
165,DHOBY GHAUT MRT STATION,CC1,POINT (29437.94010000024 31244.9617999997),56,57,1,DHOBY GHAUT,MUSZ01,Y,MUSEUM,MU,CENTRAL REGION,CR,AD3DE26295353551,2014-12-05,29320.0735,31245.7483,2584.78830957,221973.341827
164,DHOBY GHAUT MRT STATION,NE6,POINT (29354.36809999961 31340.34789999947),56,57,1,DHOBY GHAUT,MUSZ01,Y,MUSEUM,MU,CENTRAL REGION,CR,AD3DE26295353551,2014-12-05,29320.0735,31245.7483,2584.78830957,221973.341827
29,DOVER MRT STATION,EW22,POINT (21914.55090000015 32634.1185999997),128,129,9,SINGAPORE POLYTECHNIC,QTSZ09,N,QUEENSTOWN,QT,CENTRAL REGION,CR,8E9608C7B3B27AD7,2014-12-05,21751.751,32627.8947,4666.97006782,946651.418645
123,DOWNTOWN MRT STATION,DT17,POINT (30172.62590000033 29100.18759999983),30,31,11,CENTRAL SUBZONE,DTSZ11,Y,DOWNTOWN CORE,DT,CENTRAL REGION,CR,8EFE9EC1AEF2DA0A,2014-12-05,30125.8367,28683.0399,5002.01615114,1070723.25635
125,ESPLANADE MRT STATION,CC3,POINT (30469.05659999978 30634.46209999919),47,48,2,CITY HALL,DTSZ02,Y,DOWNTOWN CORE,DT,CENTRAL REGION,CR,C3663E9926627289,2014-12-05,30209.0736,30536.5079,4544.16984709,710568.702938
1,EUNOS MRT STATION,EW7,POINT (35782.95529999956 33560.07760000043),169,170,5,GEYLANG EAST,GLSZ05,N,GEYLANG,GL,CENTRAL REGION,CR,58687154BD252A0A,2014-12-05,35237.1681,33246.0587,7028.34007067,2579087.16991
122,EXPO MRT STATION,DT35,POINT (42362.71030000038 35285.66540000029),212,213,5,XILIN,TMSZ05,N,TAMPINES,TM,EAST REGION,ER,1511CC4BB4BE642B,2014-12-05,43110.6141,34607.3132,12926.0469938,7833992.84483
18,EXPO MRT STATION,CG1,POINT (42270.62320000026 35193.62230000086),212,213,5,XILIN,TMSZ05,N,TAMPINES,TM,EAST REGION,ER,1511CC4BB4BE642B,2014-12-05,43110.6141,34607.3132,12926.0469938,7833992.84483
48,FAJAR LRT STATION,BP10,POINT (21043.43560000043 40718.88260000013),221,222,3,FAJAR,BPSZ03,N,BUKIT PANJANG,BP,WEST REGION,WR,2F183C2676E91CD1,2014-12-05,21080.9573,40748.0926,3800.60894051,668454.439261
44,FARMWAY LRT STATION,SW2,POINT (34230.51929999981 42117.57159999944),272,273,4,ANCHORVALE,SESZ04,N,SENGKANG,SE,NORTH-EAST REGION,NER,F00F5344E293F642,2014-12-05,34218.5354,41815.316,5112.46178675,1499108.62608
151,FARRER PARK MRT STATION,NE8,POINT (30321.35960000008 32739.61070000008),119,120,1,FARRER PARK,RCSZ01,Y,ROCHOR,RC,CENTRAL REGION,CR,710C13F4E3EDBBE6,2014-12-05,30093.4152,32386.2107,2540.96036282,247887.633021
121,FARRER ROAD MRT STATION,CC20,POINT (25136.22630000021 33309.16169999912),87,88,8,FARRER COURT,BTSZ08,N,BUKIT TIMAH,BT,CENTRAL REGION,CR,709639180E81EC72,2014-12-05,24862.8217,33234.7951,4192.28952799,558760.531596
73,FERNVALE LRT STATION,SW5,POINT (32784.22640000004 41533.22890000045),261,262,6,FERNVALE,SESZ06,N,SENGKANG,SE,NORTH-EAST REGION,NER,C2885440D673A7A2,2014-12-05,32806.2915,41896.3685,6491.76794385,2391082.76469
120,FORT CANNING MRT STATION,DT20,POINT (29225.28340000007 30541.27480000071),7,8,2,CLARKE QUAY,SRSZ02,Y,SINGAPORE RIVER,SR,CENTRAL REGION,CR,48661DC0FBA09F7A,2014-12-05,29253.2073,30222.8645,2208.61929874,290184.652686
98,GEYLANG BAHRU MRT STATION,DT24,POINT (32293.7993999999 33750.95179999992),104,105,2,GEYLANG BAHRU,KLSZ02,N,KALLANG,KL,CENTRAL REGION,CR,F1279A5E67F0E58D,2014-12-05,32110.0626,33765.6746,3745.03401723,735502.226424
23,GUL CIRCLE MRT STATION,EW30,POINT (8772.855200000107 33530.3674999997),93,94,2,GUL CIRCLE,PNSZ02,N,PIONEER,PN,WEST REGION,WR,029BD940F4455194,2014-12-05,9693.9712,33074.429,7268.45075202,3260399.45892
101,HARBOURFRONT MRT STATION,NE1 / CC29,POINT (26678.34449999966 27555.05949999951),23,24,1,MARITIME SQUARE,BMSZ01,N,BUKIT MERAH,BM,CENTRAL REGION,CR,C1AC31ABF9978DDB,2014-12-05,25805.7867,27911.4193,13737.116181,2701634.33975
161,HAW PAR VILLA MRT STATION,CC25,POINT (22267.56749999989 29442.57300000079),8,9,13,PASIR PANJANG 1,QTSZ13,N,QUEENSTOWN,QT,CENTRAL REGION,CR,1F721290C421BFAB,2014-12-05,22077.3383,29893.7812,6571.32308202,1084792.32059
136,HILLVIEW MRT STATION,DT3,POINT (20666.06759999972 38266.78989999928),187,188,7,NATURE RESERVE,BPSZ07,N,BUKIT PANJANG,BP,WEST REGION,WR,5E964070D9B0D244,2014-12-05,21822.6273,37285.2615,9051.90911918,4141322.4309
187,HOLLAND VILLAGE MRT STATION,CC21,POINT (23868.14419999998 32681.57440000027),168,169,7,LEEDON PARK,BTSZ07,N,BUKIT TIMAH,BT,CENTRAL REGION,CR,BE682D8040DECFEA,2014-12-05,23947.764,33247.6811,7565.17005339,2049551.24988
177,HOUGANG MRT STATION,NE14,POINT (34572.87590000033 39256.13110000081),242,243,1,HOUGANG CENTRAL,HGSZ01,N,HOUGANG,HG,NORTH-EAST REGION,NER,C4419A9A8D05E0DF,2014-12-05,34470.7005,39076.5963,2759.81546608,441733.440164
114,JALAN BESAR MRT STATION,DT22,POINT (30466.03010000009 31970.43129999936),65,66,3,SUNGEI ROAD,RCSZ03,Y,ROCHOR,RC,CENTRAL REGION,CR,31DE89B5FC57F46A,2014-12-05,30601.3445,32003.1028,1727.96350256,116329.996565
62,JELAPANG LRT STATION,BP12,POINT (20341.74909999967 40960.20199999958),223,224,2,SAUJANA,BPSZ02,N,BUKIT PANJANG,BP,WEST REGION,WR,BAD02A93A41830EC,2014-12-05,20536.7145,40906.6531,3686.69056677,674992.000939
38,JOO KOON MRT STATION,EW29,POINT (10756.35429999977 34438.27639999986),111,112,1,JOO KOON,PNSZ01,N,PIONEER,PN,WEST REGION,WR,B1041F5E831D2636,2014-12-05,10883.9466,34203.6959,8601.20281636,2349378.26566
20,JURONG EAST MRT STATION,EW24 / NS1,POINT (17869.08059999999 35038.94720000029),134,135,5,JURONG GATEWAY,JESZ05,N,JURONG EAST,JE,WEST REGION,WR,857DAA77ED3346BF,2014-12-05,17912.9778,35033.9061,3096.9841099,554623.675717
54,KADALOOR LRT STATION,PE5,POINT (37255.48840000015 42384.66190000065),266,267,5,WATERWAY EAST,PGSZ05,N,PUNGGOL,PG,NORTH-EAST REGION,NER,A9E7E4A7DEE0B6F2,2014-12-05,37063.2238,42568.2237,5391.06510657,1489246.88272
141,KAKI BUKIT MRT STATION,DT28,POINT (36362.42239999957 35239.54580000043),148,149,1,KAKI BUKIT,BDSZ01,N,BEDOK,BD,EAST REGION,ER,0E5F89C6D8042867,2014-12-05,36485.3951,35307.0408,8153.88813505,2820171.67856
26,KALLANG MRT STATION,EW10,POINT (32236.60379999969 32643.33019999973),131,132,3,BOON KENG,KLSZ03,N,KALLANG,KL,CENTRAL REGION,CR,0D1D1759D7BC6D6C,2014-12-05,32338.3212,33018.7607,2972.11104541,410994.544702
68,KANGKAR LRT STATION,SE4,POINT (35662.73000000045 40658.9821000006),259,260,2,RIVERVALE,SESZ02,N,SENGKANG,SE,NORTH-EAST REGION,NER,986666487FF7CF78,2014-12-05,35977.6113,41060.8024,6315.95441659,1569034.7842
57,KEAT HONG LRT STATION,BP3,POINT (18622.57270000037 40064.57110000029),218,219,1,TECK WHYE,CKSZ01,N,CHOA CHU KANG,CK,WEST REGION,WR,B0AC5DFFC3C9CC3B,2014-12-05,19269.9942,40394.105,4531.98145589,1001591.78599
31,KEMBANGAN MRT STATION,EW6,POINT (36862.12370000035 33699.35679999925),116,117,3,KEMBANGAN,BDSZ03,N,BEDOK,BD,EAST REGION,ER,528DB1419283465B,2014-12-05,37158.7015,34115.9683,6785.11170732,2387277.5316
104,KENT RIDGE MRT STATION,CC24,POINT (22581.5421000002 30650.09720000066),50,51,11,NATIONAL UNIVERSITY OF S'PORE,QTSZ11,N,QUEENSTOWN,QT,CENTRAL REGION,CR,247B3009E9665A6E,2014-12-05,21688.9243,30930.1213,5625.41689089,1755950.43882
3,KHATIB MRT STATION,NS14,POINT (27962.31080000009 44352.56799999997),316,317,8,KHATIB,YSSZ08,N,YISHUN,YS,NORTH REGION,NR,DC75517DA31123DB,2014-12-05,27480.6357,44420.6884,4956.14573523,1432913.06237
137,KING ALBERT PARK MRT STATION,DT6,POINT (22489.84509999957 35316.63489999995),135,136,3,HOLLAND ROAD,BTSZ03,N,BUKIT TIMAH,BT,CENTRAL REGION,CR,12A4B25B07B14D08,2014-12-05,22485.0193,34364.2896,8185.19732328,3392897.36359
119,KOVAN MRT STATION,NE13,POINT (33758.75779999979 38027.27950000018),238,239,6,KOVAN,HGSZ06,N,HOUGANG,HG,NORTH-EAST REGION,NER,19C0ECAF2E3AE59A,2014-12-05,33270.7913,38331.4768,5644.28774956,1948613.20544
4,KRANJI MRT STATION,NS7,POINT (20081.69739999995 45214.54790000059),280,281,2,TURF CLUB,SKSZ02,N,SUNGEI KADUT,SK,NORTH REGION,NR,17459E60C3EEAF30,2014-12-05,20234.6006,44507.1901,7665.67601943,3291405.50569
45,KUPANG LRT STATION,SW3,POINT (33334.81639999989 42232.84080000035),261,262,6,FERNVALE,SESZ06,N,SENGKANG,SE,NORTH-EAST REGION,NER,C2885440D673A7A2,2014-12-05,32806.2915,41896.3685,6491.76794385,2391082.76469
130,LABRADOR PARK MRT STATION,CC27,POINT (24619.0577999996 28313.6297999993),23,24,1,MARITIME SQUARE,BMSZ01,N,BUKIT MERAH,BM,CENTRAL REGION,CR,C1AC31ABF9978DDB,2014-12-05,25805.7867,27911.4193,13737.116181,2701634.33975
39,LAKESIDE MRT STATION,EW26,POINT (15494.51709999982 36267.16190000065),145,146,4,TAMAN JURONG,JWSZ04,N,JURONG WEST,JW,WEST REGION,WR,832B7D27EAD276CE,2014-12-05,15522.0362,35189.1395,6583.69409641,1484296.47314
163,LAVENDER MRT STATION,EW11,POINT (31284.25889999978 32186.43420000002),125,126,6,LAVENDER,KLSZ06,N,KALLANG,KL,CENTRAL REGION,CR,A7A07F328A38B6EF,2014-12-05,30874.4064,32569.5264,3609.15046338,757907.611102
67,LAYAR LRT STATION,SW6,POINT (33198.32330000028 41554.68290000036),261,262,6,FERNVALE,SESZ06,N,SENGKANG,SE,NORTH-EAST REGION,NER,C2885440D673A7A2,2014-12-05,32806.2915,41896.3685,6491.76794385,2391082.76469
169,LITTLE INDIA MRT STATION,NE7,POINT (29817.19820000045 32124.8311999999),119,120,1,FARRER PARK,RCSZ01,Y,ROCHOR,RC,CENTRAL REGION,CR,710C13F4E3EDBBE6,2014-12-05,30093.4152,32386.2107,2540.96036282,247887.633021
168,LITTLE INDIA MRT STATION,DT12,POINT (29698.96920000017 32168.8610999994),130,131,7,KAMPONG JAVA,KLSZ07,N,KALLANG,KL,CENTRAL REGION,CR,B548D80BC47261CB,2014-12-05,29891.5311,32888.5297,4344.61217096,1022292.30058
162,LORONG CHUAN MRT STATION,CC14,POINT (31431.40539999958 37079.94439999945),193,194,5,LORONG CHUAN,SGSZ05,N,SERANGOON,SG,NORTH-EAST REGION,NER,8CF45D8EE07ED019,2014-12-05,31327.7628,36732.6316,5440.34732379,1180126.1115
105,MACPHERSON MRT STATION,DT26,POINT (34235.7966 34256.43170000054),196,197,2,MACPHERSON,GLSZ02,N,GEYLANG,GL,CENTRAL REGION,CR,A6E1CADF14D4862F,2014-12-05,33774.3483,34399.1614,4585.78817982,1263409.40397
94,MACPHERSON MRT STATION,CC10,POINT (34340.01240000036 34286.12219999917),196,197,2,MACPHERSON,GLSZ02,N,GEYLANG,GL,CENTRAL REGION,CR,A6E1CADF14D4862F,2014-12-05,33774.3483,34399.1614,4585.78817982,1263409.40397
129,MARINA BAY MRT STATION,CE2,POINT (30423.42960000038 28735.78429999948),30,31,11,CENTRAL SUBZONE,DTSZ11,Y,DOWNTOWN CORE,DT,CENTRAL REGION,CR,8EFE9EC1AEF2DA0A,2014-12-05,30125.8367,28683.0399,5002.01615114,1070723.25635
128,MARINA BAY MRT STATION,NS27,POINT (30368.20569999982 28766.38189999945),30,31,11,CENTRAL SUBZONE,DTSZ11,Y,DOWNTOWN CORE,DT,CENTRAL REGION,CR,8EFE9EC1AEF2DA0A,2014-12-05,30125.8367,28683.0399,5002.01615114,1070723.25635
150,MARINA SOUTH PIER MRT STATION,NS28,POINT (31287.70629999973 28203.49389999919),22,23,1,STRAITS VIEW,SVSZ01,Y,STRAITS VIEW,SV,CENTRAL REGION,CR,21451799CA1AB6EF,2014-12-05,30832.9017,28194.0843,5277.76082729,1127297.23737
36,MARSILING MRT STATION,NS8,POINT (21406.68740000017 46025.76860000007),306,307,6,WOODLANDS WEST,WDSZ06,N,WOODLANDS,WD,NORTH REGION,NR,4215C006676A7D38,2014-12-05,21582.5903,46573.0249,5929.64468681,1648629.90869
160,MARYMOUNT MRT STATION,CC16,POINT (28679.36880000029 36758.71360000037),235,236,1,UPPER THOMSON,BSSZ01,N,BISHAN,BS,CENTRAL REGION,CR,0ABCF49C51112DC2,2014-12-05,27884.6872,37749.3937,10082.075301,3860324.99443
138,MATTAR MRT STATION,DT25,POINT (33556.58339999989 34344.85850000009),196,197,2,MACPHERSON,GLSZ02,N,GEYLANG,GL,CENTRAL REGION,CR,A6E1CADF14D4862F,2014-12-05,33774.3483,34399.1614,4585.78817982,1263409.40397
69,MERIDIAN LRT STATION,PE2,POINT (36416.79250000045 42089.08860000037),262,263,4,PUNGGOL FIELD,PGSZ04,N,PUNGGOL,PG,NORTH-EAST REGION,NER,7462F6141FA74A37,2014-12-05,36673.8994,41847.0902,5229.11611385,1378710.5357
118,MOUNTBATTEN MRT STATION,CC7,POINT (33476.56340000033 32058.74180000089),162,163,4,ALJUNIED,GLSZ04,N,GEYLANG,GL,CENTRAL REGION,CR,83AFAB768B6B2B66,2014-12-05,33592.5759,32970.8301,7100.69907893,2959367.62528
191,NEWTON MRT STATION,NS21,POINT (28519.36160000041 32735.20720000006),120,121,3,NEWTON CIRCUS,NTSZ03,Y,NEWTON,NT,CENTRAL REGION,CR,8B2F19EEE51EDA60,2014-12-05,28587.1626,32653.9428,2399.40729971,213581.642042
133,NEWTON MRT STATION,DT11,POINT (28499.96279999986 32877.51730000041),120,121,3,NEWTON CIRCUS,NTSZ03,Y,NEWTON,NT,CENTRAL REGION,CR,8B2F19EEE51EDA60,2014-12-05,28587.1626,32653.9428,2399.40729971,213581.642042
52,NIBONG LRT STATION,PW5,POINT (35455.6286000004 43743.08540000021),309,310,2,PUNGGOL TOWN CENTRE,PGSZ02,N,PUNGGOL,PG,NORTH-EAST REGION,NER,625C5BEC57D068FE,2014-12-05,35602.3777,43427.511,4896.76750758,1264384.78903
126,NICOLL HIGHWAY MRT STATION,CC5,POINT (31374.17080000043 31347.15159999952),99,100,9,CRAWFORD,KLSZ09,N,KALLANG,KL,CENTRAL REGION,CR,97A1E6DEEC6C442D,2014-12-05,31396.8906,31457.287,4634.78429572,850853.913774
147,NOVENA MRT STATION,NS20,POINT (29169.32980000041 33633.15350000001),164,165,2,MOULMEIN,NVSZ02,N,NOVENA,NV,CENTRAL REGION,CR,50F53AE70EC1A4A3,2014-12-05,29057.4415,33323.9221,5388.74193777,1347456.01144
42,OASIS LRT STATION,PE6,POINT (36837.11780000012 42683.40179999918),266,267,5,WATERWAY EAST,PGSZ05,N,PUNGGOL,PG,NORTH-EAST REGION,NER,A9E7E4A7DEE0B6F2,2014-12-05,37063.2238,42568.2237,5391.06510657,1489246.88272
108,ONE-NORTH MRT STATION,CC23,POINT (22896.07309999969 31346.40850000083),66,67,8,ONE NORTH,QTSZ08,N,QUEENSTOWN,QT,CENTRAL REGION,CR,D437A9A68F04D2D4,2014-12-05,23299.2437,31176.1605,6591.90791444,2051652.62174
113,ORCHARD MRT STATION,NS22,POINT (27880.12559999991 31813.11339999922),82,83,2,BOULEVARD,ORSZ02,Y,ORCHARD,OR,CENTRAL REGION,CR,B26DFAF98B8F3E52,2014-12-05,27916.9271,31967.0064,4109.23134961,460550.429848
188,OUTRAM PARK MRT STATION,EW16,POINT (28646.37390000001 29316.77270000055),33,34,2,PEOPLE'S PARK,OTSZ02,Y,OUTRAM,OT,CENTRAL REGION,CR,B4120D23006C932A,2014-12-05,28831.7807,29419.6457,1822.1927178,93140.4376422
156,OUTRAM PARK MRT STATION,NE3,POINT (28696.26020000037 29135.38199999928),31,32,5,SINGAPORE GENERAL HOSPITAL,BMSZ05,N,BUKIT MERAH,BM,CENTRAL REGION,CR,91630902E00FD7B9,2014-12-05,28147.221,29131.0368,2915.28204786,533017.390733
155,PASIR PANJANG MRT STATION,CC26,POINT (23329.26470000017 28742.76579999924),55,56,15,PORT,QTSZ15,N,QUEENSTOWN,QT,CENTRAL REGION,CR,543ED13CCC907021,2014-12-05,21576.0765,28788.2172,23438.818536,7601893.99532
14,PASIR RIS MRT STATION,EW1,POINT (40903.77159999963 39443.39829999954),253,254,3,PASIR RIS CENTRAL,PRSZ03,N,PASIR RIS,PR,EAST REGION,ER,FF244AAC9D31CDAF,2014-12-05,40755.9017,39341.7477,5273.2390021,1511487.38408
152,PAYA LEBAR MRT STATION,CC9,POINT (34550.5756000001 33300.34019999951),169,170,5,GEYLANG EAST,GLSZ05,N,GEYLANG,GL,CENTRAL REGION,CR,58687154BD252A0A,2014-12-05,35237.1681,33246.0587,7028.34007067,2579087.16991
9,PAYA LEBAR MRT STATION,EW8,POINT (34648.67729999963 33375.73409999907),169,170,5,GEYLANG EAST,GLSZ05,N,GEYLANG,GL,CENTRAL REGION,CR,58687154BD252A0A,2014-12-05,35237.1681,33246.0587,7028.34007067,2579087.16991
76,PENDING LRT STATION,BP8,POINT (21094.78120000008 39792.4935999997),209,210,4,BANGKIT,BPSZ04,N,BUKIT PANJANG,BP,WEST REGION,WR,434BCF269E20F681,2014-12-05,21431.2286,39899.5272,4350.13572206,763183.429445
63,PETIR LRT STATION,BP7,POINT (20582.72730000038 39970.25129999965),205,206,5,JELEBU,BPSZ05,N,BUKIT PANJANG,BP,WEST REGION,WR,61A034F12715D43D,2014-12-05,20535.3901,39769.4445,3992.42603071,911208.285046
90,PHOENIX LRT STATION,BP5,POINT (19621.77720000036 40066.31550000049),218,219,1,TECK WHYE,CKSZ01,N,CHOA CHU KANG,CK,WEST REGION,WR,B0AC5DFFC3C9CC3B,2014-12-05,19269.9942,40394.105,4531.98145589,1001591.78599
7,PIONEER MRT STATION,EW28,POINT (12864.95920000039 35529.49730000086),151,152,9,JURONG WEST CENTRAL,JWSZ09,N,JURONG WEST,JW,WEST REGION,WR,1D90F8ED7A36C82C,2014-12-05,13396.6261,35811.7261,4649.79715009,1404536.64286
176,POTONG PASIR MRT STATION,NE10,POINT (31977.16770000011 34842.72890000045),138,139,9,POTONG PASIR,TPSZ09,N,TOA PAYOH,TP,CENTRAL REGION,CR,C54D6A4E4D1A775C,2014-12-05,31596.799,35028.1043,3496.88166396,639143.559357
184,PROMENADE MRT STATION,CC4,POINT (31080.60819999967 30623.01740000024),44,45,3,MARINA CENTRE,DTSZ03,Y,DOWNTOWN CORE,DT,CENTRAL REGION,CR,2AB099523A1AEAD5,2014-12-05,30938.0985,30471.8267,4047.11116872,886954.8092
102,PROMENADE MRT STATION,DT15,POINT (31064.34140000027 30586.91459999979),44,45,3,MARINA CENTRE,DTSZ03,Y,DOWNTOWN CORE,DT,CENTRAL REGION,CR,2AB099523A1AEAD5,2014-12-05,30938.0985,30471.8267,4047.11116872,886954.8092
50,PUNGGOL LRT STATION,PTC,POINT (35689.13900000043 43004.92019999959),309,310,2,PUNGGOL TOWN CENTRE,PGSZ02,N,PUNGGOL,PG,NORTH-EAST REGION,NER,625C5BEC57D068FE,2014-12-05,35602.3777,43427.511,4896.76750758,1264384.78903
106,PUNGGOL MRT STATION,NE17,POINT (35651.38460000046 42933.26940000057),265,266,3,MATILDA,PGSZ03,N,PUNGGOL,PG,NORTH-EAST REGION,NER,14D0DB33976B7B81,2014-12-05,35089.9853,42728.2745,5361.91596413,1418284.25473
71,PUNGGOL POINT LRT STATION,PW3,POINT (36160.82760000043 44293.5560999997),276,277,1,NORTHSHORE,PGSZ01,N,PUNGGOL,PG,NORTH-EAST REGION,NER,317584A40150FF3F,2014-12-05,36169.5574,44222.7655,5355.63711782,1360000.63135
21,QUEENSTOWN MRT STATION,EW19,POINT (24946.80829999968 30804.67850000039),48,49,6,MEI CHIN,QTSZ06,N,QUEENSTOWN,QT,CENTRAL REGION,CR,F15BD95C8778DC31,2014-12-05,24651.0693,30651.134,3580.44285697,748683.995863
186,RAFFLES PLACE MRT STATION,EW14 / NS26,POINT (30019.18049999978 29617.61260000058),37,38,5,RAFFLES PLACE,DTSZ05,Y,DOWNTOWN CORE,DT,CENTRAL REGION,CR,72107B11807074F4,2014-12-05,29968.6175,29572.7618,1872.7521612,188767.489706
89,RANGGUNG LRT STATION,SE5,POINT (35108.59420000017 40687.12549999915),225,226,5,COMPASSVALE,SESZ05,N,SENGKANG,SE,NORTH-EAST REGION,NER,380E7DCFD2E09905,2014-12-05,34304.2505,40761.0908,5216.01738046,1093213.49087
5,REDHILL MRT STATION,EW18,POINT (26163.47800000012 30218.81959999911),4,5,3,REDHILL,BMSZ03,N,BUKIT MERAH,BM,CENTRAL REGION,CR,85D9ABEF0A40678F,2014-12-05,26201.958,30005.7035,2825.59409872,387429.439964
46,RENJONG LRT STATION,SW8,POINT (34367.94369999971 40962.47819999978),272,273,4,ANCHORVALE,SESZ04,N,SENGKANG,SE,NORTH-EAST REGION,NER,F00F5344E293F642,2014-12-05,34218.5354,41815.316,5112.46178675,1499108.62608
60,RIVIERA LRT STATION,PE4,POINT (37219.82930000033 41825.11140000075),262,263,4,PUNGGOL FIELD,PGSZ04,N,PUNGGOL,PG,NORTH-EAST REGION,NER,7462F6141FA74A37,2014-12-05,36673.8994,41847.0902,5229.11611385,1378710.5357
167,ROCHOR MRT STATION,DT13,POINT (30126.00059999991 31805.98619999923),53,54,9,BENCOOLEN,RCSZ09,Y,ROCHOR,RC,CENTRAL REGION,CR,CF8BBFA03E1B0246,2014-12-05,29999.0626,31594.594,1916.09754822,170664.304517
82,RUMBIA LRT STATION,SE2,POINT (36085.55260000005 41487.1568),259,260,2,RIVERVALE,SESZ02,N,SENGKANG,SE,NORTH-EAST REGION,NER,986666487FF7CF78,2014-12-05,35977.6113,41060.8024,6315.95441659,1569034.7842
43,SAM KEE LRT STATION,PW1,POINT (35958.39670000039 43493.44700000063),309,310,2,PUNGGOL TOWN CENTRE,PGSZ02,N,PUNGGOL,PG,NORTH-EAST REGION,NER,625C5BEC57D068FE,2014-12-05,35602.3777,43427.511,4896.76750758,1264384.78903
51,SAMUDERA LRT STATION,PW4,POINT (35660.65969999973 44188.84820000082),276,277,1,NORTHSHORE,PGSZ01,N,PUNGGOL,PG,NORTH-EAST REGION,NER,317584A40150FF3F,2014-12-05,36169.5574,44222.7655,5355.63711782,1360000.63135
91,SEGAR LRT STATION,BP11,POINT (20908.76699999999 41078.40249999985),223,224,2,SAUJANA,BPSZ02,N,BUKIT PANJANG,BP,WEST REGION,WR,BAD02A93A41830EC,2014-12-05,20536.7145,40906.6531,3686.69056677,674992.000939
30,SEMBAWANG MRT STATION,NS11,POINT (26522.98830000032 47854.19979999959),290,291,3,SEMBAWANG CENTRAL,SBSZ03,N,SEMBAWANG,SB,NORTH REGION,NR,772A64AB9A93FC3A,2014-12-05,26268.7326,47558.0804,3955.11763685,962437.403135
92,SENGKANG LRT STATION,STC,POINT (34913.58789999969 41502.69969999976),271,272,3,SENGKANG TOWN CENTRE,SESZ03,N,SENGKANG,SE,NORTH-EAST REGION,NER,5A2D0E9E6B285069,2014-12-05,35163.812,41501.1418,5216.40050197,1455507.85939
116,SENGKANG MRT STATION,NE16,POINT (34918.27400000021 41512.12769999914),271,272,3,SENGKANG TOWN CENTRE,SESZ03,N,SENGKANG,SE,NORTH-EAST REGION,NER,5A2D0E9E6B285069,2014-12-05,35163.812,41501.1418,5216.40050197,1455507.85939
61,SENJA LRT STATION,BP13,POINT (20104.01389999967 40516.72259999998),222,223,1,SENJA,BPSZ01,N,BUKIT PANJANG,BP,WEST REGION,WR,E8D08EFDCD0D5E22,2014-12-05,19897.9466,40895.3637,3836.25422873,624877.500116
148,SERANGOON MRT STATION,NE12,POINT (32480.07259999961 36869.39240000024),179,180,6,SERANGOON CENTRAL,SGSZ06,N,SERANGOON,SG,NORTH-EAST REGION,NER,3E0A343DED145DD2,2014-12-05,32157.3746,37148.607,4784.62316929,1061889.35276
145,SERANGOON MRT STATION,CC13,POINT (32345.77240000013 36967.51229999959),179,180,6,SERANGOON CENTRAL,SGSZ06,N,SERANGOON,SG,NORTH-EAST REGION,NER,3E0A343DED145DD2,2014-12-05,32157.3746,37148.607,4784.62316929,1061889.35276
10,SIMEI MRT STATION,EW3,POINT (41360.6138000004 36150.39589999989),213,214,4,SIMEI,TMSZ04,N,TAMPINES,TM,EAST REGION,ER,80BC46AD51E70C08,2014-12-05,41431.0631,35870.7852,7402.56077942,2778635.6553
173,SIXTH AVENUE MRT STATION,DT7,POINT (23985.52969999984 34777.14340000041),115,116,6,CORONATION ROAD,BTSZ06,N,BUKIT TIMAH,BT,CENTRAL REGION,CR,5DB075FA57F73ADC,2014-12-05,24463.149,34200.3339,5905.90419263,1425083.17679
112,SOMERSET MRT STATION,NS23,POINT (28640.65600000042 31401.66980000027),52,53,3,SOMERSET,ORSZ03,Y,ORCHARD,OR,CENTRAL REGION,CR,F70C32D861DD6CA5,2014-12-05,28626.5611,31494.9048,3039.80523249,329437.9332
53,SOO TECK LRT STATION,PW7,POINT (35110.19880000036 42993.1699000001),265,266,3,MATILDA,PGSZ03,N,PUNGGOL,PG,NORTH-EAST REGION,NER,14D0DB33976B7B81,2014-12-05,35089.9853,42728.2745,5361.91596413,1418284.25473
66,SOUTH VIEW LRT STATION,BP2,POINT (18203.72429999989 40252.06860000081),219,220,3,CHOA CHU KANG CENTRAL,CKSZ03,N,CHOA CHU KANG,CK,WEST REGION,WR,CCB9716DE31DDEF5,2014-12-05,18465.672,40772.9207,4202.49660819,1097298.79854
110,STADIUM MRT STATION,CC6,POINT (32677.75260000024 31687.05470000021),67,68,5,TANJONG RHU,KLSZ05,N,KALLANG,KL,CENTRAL REGION,CR,928DCE8E44F904C8,2014-12-05,32740.1208,31438.3084,6515.75857503,2434594.02911
170,STEVENS MRT STATION,DT10,POINT (27188.23000000045 33591.66080000065),89,90,1,NASSIM,TNSZ01,N,TANGLIN,TN,CENTRAL REGION,CR,960862F1C1B08BFA,2014-12-05,27002.6928,32905.576,6241.33287686,2096085.23018
72,SUMANG LRT STATION,PW6,POINT (35260.29179999977 43365.13079999946),309,310,2,PUNGGOL TOWN CENTRE,PGSZ02,N,PUNGGOL,PG,NORTH-EAST REGION,NER,625C5BEC57D068FE,2014-12-05,35602.3777,43427.511,4896.76750758,1264384.78903
166,TAI SENG MRT STATION,CC11,POINT (34107.15259999968 35291.01640000008),156,157,12,JOO SENG,TPSZ12,N,TOA PAYOH,TP,CENTRAL REGION,CR,33EC42B8FE3B21D0,2014-12-05,33454.069,35419.7276,4254.53133336,1057165.2442
96,TAMPINES EAST MRT STATION,DT33,POINT (41501.07490000036 37586.61779999919),188,189,2,TAMPINES EAST,TMSZ02,N,TAMPINES,TM,EAST REGION,ER,21658EAAF84F4D8D,2014-12-05,41122.547,37392.389,10180.6240914,4339824.13578
142,TAMPINES MRT STATION,DT32,POINT (40213.02840000018 37463.36969999969),188,189,2,TAMPINES EAST,TMSZ02,N,TAMPINES,TM,EAST REGION,ER,21658EAAF84F4D8D,2014-12-05,41122.547,37392.389,10180.6240914,4339824.13578
11,TAMPINES MRT STATION,EW2,POINT (40445.42970000021 37266.99090000056),188,189,2,TAMPINES EAST,TMSZ02,N,TAMPINES,TM,EAST REGION,ER,21658EAAF84F4D8D,2014-12-05,41122.547,37392.389,10180.6240914,4339824.13578
97,TAMPINES WEST MRT STATION,DT31,POINT (39698.52759999968 36406.01429999992),181,182,3,TAMPINES WEST,TMSZ03,N,TAMPINES,TM,EAST REGION,ER,2E3EA3D1BBF9A601,2014-12-05,39421.6571,36739.2069,8058.33566026,3475209.88855
134,TAN KAH KEE MRT STATION,DT8,POINT (25106.86670000013 34234.96089999937),115,116,6,CORONATION ROAD,BTSZ06,N,BUKIT TIMAH,BT,CENTRAL REGION,CR,5DB075FA57F73ADC,2014-12-05,24463.149,34200.3339,5905.90419263,1425083.17679
40,TANAH MERAH MRT STATION,EW4,POINT (40578.86160000041 34379.41440000013),107,108,6,BEDOK SOUTH,BDSZ06,N,BEDOK,BD,EAST REGION,ER,1E89C4218E6421C2,2014-12-05,40379.4208,33744.2238,7811.58902531,2997307.45855
107,TANJONG PAGAR MRT STATION,EW15,POINT (29396.23110000044 28776.75760000013),61,62,9,TANJONG PAGAR,DTSZ09,Y,DOWNTOWN CORE,DT,CENTRAL REGION,CR,4FFE6642FB35D40A,2014-12-05,29397.831,28706.3515,1787.71045089,145518.663868
77,TECK LEE LRT STATION,PW2,POINT (36152.69930000044 43842.67210000008),276,277,1,NORTHSHORE,PGSZ01,N,PUNGGOL,PG,NORTH-EAST REGION,NER,317584A40150FF3F,2014-12-05,36169.5574,44222.7655,5355.63711782,1360000.63135
64,TECK WHYE LRT STATION,BP4,POINT (19140.79999999981 39852.46079999954),218,219,1,TECK WHYE,CKSZ01,N,CHOA CHU KANG,CK,WEST REGION,WR,B0AC5DFFC3C9CC3B,2014-12-05,19269.9942,40394.105,4531.98145589,1001591.78599
190,TELOK AYER MRT STATION,DT18,POINT (29667.62160000019 29414.58669999987),35,36,3,CHINATOWN,OTSZ03,Y,OUTRAM,OT,CENTRAL REGION,CR,0FF1661344C84AED,2014-12-05,29153.9676,29158.0443,4297.59991003,587222.678854
189,TELOK BLANGAH MRT STATION,CC28,POINT (25376.84690000024 28138.96670000069),23,24,1,MARITIME SQUARE,BMSZ01,N,BUKIT MERAH,BM,CENTRAL REGION,CR,C1AC31ABF9978DDB,2014-12-05,25805.7867,27911.4193,13737.116181,2701634.33975
85,TEN MILE JUNCTION LRT STATION,BP14,POINT (19856.11890000012 40254.52500000037),218,219,1,TECK WHYE,CKSZ01,N,CHOA CHU KANG,CK,WEST REGION,WR,B0AC5DFFC3C9CC3B,2014-12-05,19269.9942,40394.105,4531.98145589,1001591.78599
56,THANGGAM LRT STATION,SW4,POINT (32709.26889999956 42133.90029999986),261,262,6,FERNVALE,SESZ06,N,SENGKANG,SE,NORTH-EAST REGION,NER,C2885440D673A7A2,2014-12-05,32806.2915,41896.3685,6491.76794385,2391082.76469
135,TIONG BAHRU MRT STATION,EW17,POINT (27298.95749999955 29846.25100000016),41,42,4,TIONG BAHRU STATION,BMSZ04,N,BUKIT MERAH,BM,CENTRAL REGION,CR,91FFE927ABE3E4DB,2014-12-05,27277.4698,29607.0237,2506.6879191,350787.561421
174,TOA PAYOH MRT STATION,NS19,POINT (29578.44079999998 34980.8638000004),199,200,2,TOA PAYOH CENTRAL,TPSZ02,N,TOA PAYOH,TP,CENTRAL REGION,CR,F05298981CE86DAB,2014-12-05,29409.7438,34982.1962,5201.96875215,1107267.03579
74,TONGKANG LRT STATION,SW7,POINT (33845.4132000003 41252.61830000021),225,226,5,COMPASSVALE,SESZ05,N,SENGKANG,SE,NORTH-EAST REGION,NER,380E7DCFD2E09905,2014-12-05,34304.2505,40761.0908,5216.01738046,1093213.49087
25,TUAS CRESCENT MRT STATION,EW31,POINT (7495.531000000425 33698.68180000037),139,140,3,TUAS NORTH,TSSZ03,N,TUAS,TS,WEST REGION,WR,1CD927A110152200,2014-12-05,7737.0329,34331.0851,7702.82494807,3260150.8569
22,TUAS LINK MRT STATION,EW33,POINT (6138.311499999836 35848.06579999998),177,178,2,TUAS PROMENADE,TSSZ02,N,TUAS,TS,WEST REGION,WR,F2BFB371A2C0DEFA,2014-12-05,5918.9956,34910.5821,13318.7733951,3188097.30624
27,TUAS WEST ROAD MRT STATION,EW32,POINT (6442.640100000426 34689.79880000092),110,111,4,TUAS BAY,TSSZ04,N,TUAS,TS,WEST REGION,WR,B16AC41469AD9EB5,2014-12-05,6921.1588,33401.4189,10583.7111263,3203306.03725
139,UBI MRT STATION,DT27,POINT (35337.77089999989 34685.48330000043),136,137,3,KAMPONG UBI,GLSZ03,N,GEYLANG,GL,CENTRAL REGION,CR,12CC0A25547E67F9,2014-12-05,35039.5495,34647.2633,5573.53291765,1878092.47786
179,UPPER CHANGI MRT STATION,DT34,POINT (42262.07670000009 35988.40359999985),213,214,4,SIMEI,TMSZ04,N,TAMPINES,TM,EAST REGION,ER,80BC46AD51E70C08,2014-12-05,41431.0631,35870.7852,7402.56077942,2778635.6553
181,WOODLANDS MRT STATION,TE2,POINT (22949.03220000025 46418.55780000053),287,288,1,WOODLANDS REGIONAL CENTRE,WDSZ01,N,WOODLANDS,WD,NORTH REGION,NR,8AEF535CD000EA39,2014-12-05,22571.2094,46698.8735,3254.34327541,595652.143904
24,WOODLANDS MRT STATION,NS9,POINT (22788.15270000044 46507.92190000042),287,288,1,WOODLANDS REGIONAL CENTRE,WDSZ01,N,WOODLANDS,WD,NORTH REGION,NR,8AEF535CD000EA39,2014-12-05,22571.2094,46698.8735,3254.34327541,595652.143904
0,WOODLANDS NORTH MRT STATION,TE1,POINT (22699.99319899935 47770.39981430701),291,292,7,GREENWOOD PARK,WDSZ07,N,WOODLANDS,WD,NORTH REGION,NR,A38714A4F4163DCE,2014-12-05,22608.3894,47660.0645,4620.86556655,1281296.51029
175,WOODLANDS SOUTH MRT STATION,TE3,POINT (23607.83090000041 45444.71130000055),281,282,4,WOODLANDS SOUTH,WDSZ04,N,WOODLANDS,WD,NORTH REGION,NR,8A4E14DAC4ACE11C,2014-12-05,23609.573,45692.8785,5211.38443467,1576001.47579
146,WOODLEIGH MRT STATION,NE11,POINT (32173.31859999988 35706.37939999998),161,162,10,BIDADARI,TPSZ10,N,TOA PAYOH,TP,CENTRAL REGION,CR,B522727043B8AF0C,2014-12-05,32632.5394,35918.015,3323.74283763,572502.13978
6,YEW TEE MRT STATION,NS5,POINT (18438.97910000011 42158.01239999942),263,264,6,YEW TEE,CKSZ06,N,CHOA CHU KANG,CK,WEST REGION,WR,D172AF50E2754CBF,2014-12-05,18498.1139,42506.0743,3715.39422999,923214.7487
41,YIO CHU KANG MRT STATION,NS15,POINT (29294.12829999998 40413.0820000004),227,228,10,YIO CHU KANG,AMSZ10,N,ANG MO KIO,AM,NORTH-EAST REGION,NER,5E2B16BB381BAEA4,2014-12-05,29443.7447,40836.0207,4533.21836353,909418.567689
13,YISHUN MRT STATION,NS13,POINT (28187.67870000005 45686.07010000013),286,287,9,YISHUN WEST,YSSZ09,N,YISHUN,YS,NORTH REGION,NR,95C11920195B86C7,2014-12-05,27743.2668,45873.6006,5318.57926605,1517767.38917
